<?xml version="1.0" encoding="UTF-8"?>
<modification>
    <name>NewsBlog - create unlimited categories with articles</name>
    <code>newsblog</code>
    <version>20170906 for opencart 2.3.x</version>
    <author>netruxa</author>
    <link>http://nedorogoi-internet-magazin.ru/opencart/</link>
  <file path="admin/controller/common/column_left.php">
    <operation>
      <search><![CDATA[// Catalog]]></search>
      <add position="before"><![CDATA[
      		$newsblog = array();

			if ($this->user->hasPermission('access', 'newsblog/category')) {
				$newsblog[] = array(
					'name'	   => $this->language->get('text_newsblog_category'),
					'href'     => $this->url->link('newsblog/category', 'token=' . $this->session->data['token'], true),
					'children' => array()
				);
			}

			if ($this->user->hasPermission('access', 'newsblog/article')) {
				$newsblog[] = array(
					'name'	   => $this->language->get('text_newsblog_article'),
					'href'     => $this->url->link('newsblog/article', 'token=' . $this->session->data['token'], true),
					'children' => array()
				);
			}

			if ($newsblog) {
				$data['menus'][] = array(
					'id'       => 'menu-newsblog',
					'icon'	   => 'fa-newspaper-o',
					'name'	   => $this->language->get('text_newsblog'),
					'href'     => '',
					'children' => $newsblog
				);
			}
      ]]></add>
    </operation>
  </file>
  <file path="admin/language/ru-ru/common/column_left.php">
    <operation>
      <search><![CDATA[$_['text_catalog']]]></search>
      <add position="before"><![CDATA[$_['text_newsblog'] = 'NewsBlog материалы';$_['text_newsblog_category'] = 'Список категорий';$_['text_newsblog_article'] = 'Список материалов';]]></add>
    </operation>
  </file>
  <file path="admin/language/en-gb/common/column_left.php">
    <operation>
      <search><![CDATA[$_['text_catalog']]]></search>
      <add position="before"><![CDATA[$_['text_newsblog'] = 'NewsBlog articles';$_['text_newsblog_category'] = 'Category list';$_['text_newsblog_article'] = 'Item list';]]></add>
    </operation>
  </file>
  <file path="catalog/controller/common/column_left.php">
    <operation>
      <search><![CDATA[if ($route == 'information/information' && isset($this->request->get['information_id'])) {]]></search>
      <add position="before"><![CDATA[
      if ($route == 'newsblog/category' && isset($this->request->get['newsblog_path'])) {
			$this->load->model('newsblog/category');

			$path = explode('_', (string)$this->request->get['newsblog_path']);

			$layout_id = $this->model_newsblog_category->getCategoryLayoutId(end($path));
		}

		if ($route == 'newsblog/article' && isset($this->request->get['newsblog_article_id'])) {
			$this->load->model('newsblog/article');

			$layout_id = $this->model_newsblog_article->getArticleLayoutId($this->request->get['newsblog_article_id']);
		}
      ]]></add>
    </operation>
  </file>
  <file path="catalog/controller/common/column_right.php">
    <operation>
      <search><![CDATA[if ($route == 'information/information' && isset($this->request->get['information_id'])) {]]></search>
      <add position="before"><![CDATA[
      if ($route == 'newsblog/category' && isset($this->request->get['newsblog_path'])) {
			$this->load->model('newsblog/category');

			$path = explode('_', (string)$this->request->get['newsblog_path']);

			$layout_id = $this->model_newsblog_category->getCategoryLayoutId(end($path));
		}

		if ($route == 'newsblog/article' && isset($this->request->get['newsblog_article_id'])) {
			$this->load->model('newsblog/article');

			$layout_id = $this->model_newsblog_article->getArticleLayoutId($this->request->get['newsblog_article_id']);
		}
      ]]></add>
    </operation>
  </file>
  <file path="catalog/controller/common/content_bottom.php">
    <operation>
      <search><![CDATA[if ($route == 'information/information' && isset($this->request->get['information_id'])) {]]></search>
      <add position="before"><![CDATA[
      if ($route == 'newsblog/category' && isset($this->request->get['newsblog_path'])) {
			$this->load->model('newsblog/category');

			$path = explode('_', (string)$this->request->get['newsblog_path']);

			$layout_id = $this->model_newsblog_category->getCategoryLayoutId(end($path));
		}

		if ($route == 'newsblog/article' && isset($this->request->get['newsblog_article_id'])) {
			$this->load->model('newsblog/article');

			$layout_id = $this->model_newsblog_article->getArticleLayoutId($this->request->get['newsblog_article_id']);
		}
      ]]></add>
    </operation>
  </file>
  <file path="catalog/controller/common/content_top.php">
    <operation>
      <search><![CDATA[if ($route == 'information/information' && isset($this->request->get['information_id'])) {]]></search>
      <add position="before"><![CDATA[
      if ($route == 'newsblog/category' && isset($this->request->get['newsblog_path'])) {
			$this->load->model('newsblog/category');

			$path = explode('_', (string)$this->request->get['newsblog_path']);

			$layout_id = $this->model_newsblog_category->getCategoryLayoutId(end($path));
		}

		if ($route == 'newsblog/article' && isset($this->request->get['newsblog_article_id'])) {
			$this->load->model('newsblog/article');

			$layout_id = $this->model_newsblog_article->getArticleLayoutId($this->request->get['newsblog_article_id']);
		}
      ]]></add>
    </operation>
  </file>
  <file path="catalog/controller/startup/seo_url.php">
    <operation>
      <search><![CDATA[if ($url[0] == 'information_id') {]]></search>
      <add position="before"><![CDATA[
      				if ($url[0] == 'newsblog_article_id') {
						$this->request->get['newsblog_article_id'] = $url[1];
					}

					if ($url[0] == 'newsblog_category_id') {
						if (!isset($this->request->get['newsblog_path'])) {
							$this->request->get['newsblog_path'] = $url[1];
						} else {
							$this->request->get['newsblog_path'] .= '_' . $url[1];
						}
					}
		]]></add>
	</operation>
	<operation>
		<search><![CDATA[$url[0] != 'information_id']]></search>
	    <add position="replace "><![CDATA[$url[0] != 'newsblog_category_id' && $url[0] != 'newsblog_article_id' && $url[0] != 'information_id']]></add>
	</operation>
	<operation>
	    <search><![CDATA[} elseif (isset($this->request->get['information_id'])) {]]></search>
        <add position="before"><![CDATA[
      			} elseif (isset($this->request->get['newsblog_article_id'])) {
					$this->request->get['route'] = 'newsblog/article';
				} elseif (isset($this->request->get['newsblog_path'])) {
					$this->request->get['route'] = 'newsblog/category';
		]]></add>
	</operation>
	<operation>
		<search><![CDATA[($data['route'] == 'information/information' && $key == 'information_id')]]></search>
	    <add position="replace"><![CDATA[($data['route'] == 'newsblog/article' && $key == 'newsblog_article_id') || ($data['route'] == 'information/information' && $key == 'information_id')]]></add>
	</operation>
	<operation>
	    <search><![CDATA[} elseif ($key == 'path') {]]></search>
        <add position="before"><![CDATA[
      			} elseif ($key == 'newsblog_path') {
					$categories = explode('_', $value);

					foreach ($categories as $category) {
						$query = $this->db->query("SELECT * FROM " . DB_PREFIX . "url_alias WHERE `query` = 'newsblog_category_id=" . (int)$category . "'");

						if ($query->num_rows && $query->row['keyword']) {
							$url .= '/' . $query->row['keyword'];
						} else {
							$url = '';

							break;
						}
					}

					unset ($data[$key]);
		]]></add>
    </operation>
  </file>
  <file path="catalog/controller/startup/seo_pro.php">
    <operation>
      <search><![CDATA[if ($url[0] == 'category_id') {]]></search>
      <add position="before"><![CDATA[
      				if ($url[0] == 'newsblog_category_id') {
						if (!isset($this->request->get['newsblog_path'])) {
							$this->request->get['newsblog_path'] = $url[1];
						} else {
							$this->request->get['newsblog_path'] .= '_' . $url[1];
						}
					} else
		]]></add>
	</operation>
	<operation>
		<search><![CDATA[if (isset($this->request->get['product_id'])) {]]></search>
	    <add position="before"><![CDATA[
		    if (isset($this->request->get['newsblog_article_id'])) {
				$this->request->get['route'] = 'newsblog/article';
				if (!isset($this->request->get['newsblog_path'])) {
					$path = $this->getPathByNewsBlogArticle($this->request->get['newsblog_article_id']);
					if ($path) $this->request->get['newsblog_path'] = $path;
				}
			} elseif (isset($this->request->get['newsblog_path'])) {
				$this->request->get['route'] = 'newsblog/category';
			} else
	    ]]></add>
	</operation>
	<operation>
	    <search><![CDATA[case 'product/product':]]></search>
        <add position="before"><![CDATA[
      			case 'newsblog/article':
				if (isset($data['newsblog_article_id'])) {
					$tmp = $data;
					$data = array();
					if ($this->config->get('config_seo_url_include_path')) {
						$data['newsblog_path'] = $this->getPathByNewsBlogArticle($tmp['newsblog_article_id']);
						if (!$data['newsblog_path']) return $link;
					}
					$data['newsblog_article_id'] = $tmp['newsblog_article_id'];
				}
				break;

			case 'newsblog/category':
				if (isset($data['newsblog_path'])) {
					$category = explode('_', $data['newsblog_path']);
					$category = end($category);
					$data['newsblog_path'] = $this->getPathByNewsBlogCategory($category);
					if (!$data['newsblog_path']) return $link;
				}
				break;
		]]></add>
	</operation>
	<operation>
		<search><![CDATA[case 'product_id':]]></search>
	    <add position="before"><![CDATA[
	       			case 'newsblog_path':
						$categories = explode('_', $value);
						foreach($categories as $category) {
							$queries[] = 'newsblog_category_id=' . $category;
						}
						unset($data[$key]);
						break;

					case 'newsblog_article_id':
					case 'newsblog_category_id':
	    ]]></add>
	</operation>
	<operation>
	    <search><![CDATA[private function getPathByProduct($product_id) {]]></search>
        <add position="before"><![CDATA[
	private function getPathByNewsBlogArticle($article_id) {
		$article_id = (int)$article_id;
		if ($article_id < 1) return false;

		static $path = null;
		if (!isset($path)) {
			$path = $this->cache->get('newsblog.article.seopath');
			if (!isset($path)) $path = array();
		}

		if (!isset($path[$article_id])) {
			$query = $this->db->query("SELECT category_id FROM " . DB_PREFIX . "newsblog_article_to_category WHERE article_id = '" . $article_id . "' ORDER BY main_category DESC LIMIT 1");

			$path[$article_id] = $this->getPathByNewsBlogCategory($query->num_rows ? (int)$query->row['category_id'] : 0);

			$this->cache->set('newsblog.article.seopath', $path);
		}

		return $path[$article_id];
	}

	private function getPathByNewsBlogCategory($category_id) {
		$category_id = (int)$category_id;
		if ($category_id < 1) return false;

		static $path = null;
		if (!isset($path)) {
			$path = $this->cache->get('newsblog.category.seopath');
			if (!isset($path)) $path = array();
		}

		if (!isset($path[$category_id])) {
			$max_level = 10;

			$sql = "SELECT CONCAT_WS('_'";
			for ($i = $max_level-1; $i >= 0; --$i) {
				$sql .= ",t$i.category_id";
			}
			$sql .= ") AS path FROM " . DB_PREFIX . "newsblog_category t0";
			for ($i = 1; $i < $max_level; ++$i) {
				$sql .= " LEFT JOIN " . DB_PREFIX . "newsblog_category t$i ON (t$i.category_id = t" . ($i-1) . ".parent_id)";
			}
			$sql .= " WHERE t0.category_id = '" . $category_id . "'";

			$query = $this->db->query($sql);

			$path[$category_id] = $query->num_rows ? $query->row['path'] : false;

			$this->cache->set('newsblog.category.seopath', $path);
		}

		return $path[$category_id];
	}
		]]></add>
    </operation>
  </file>
  <file path="catalog/controller/information/sitemap.php">
    <operation>
      <search><![CDATA[$this->load->model('catalog/information');]]></search>
      <add position="before"><![CDATA[
      	$this->load->model('newsblog/category');
        $this->load->model('newsblog/article');

		$data['newsblog_categories'] = array();

		$categories = $this->model_newsblog_category->getCategories(0);

		foreach ($categories as $category) {
			if ($category['settings']) {
				$settings=unserialize($category['settings']);
				if ($settings['show_in_sitemap']==0) continue;
			}

			$articles = array();

			if ($category['settings'] && $settings['show_in_sitemap_articles']) {
				$filter=array('filter_category_id'=>$category['category_id'],'filter_sub_category'=>true);
				$results = $this->model_newsblog_article->getArticles($filter);

				foreach ($results as $result) {
					$articles[] = array(
						'name'        => $result['name'],
						'href'        => $this->url->link('newsblog/article', 'newsblog_path=' . $category['category_id'] . '&newsblog_article_id=' . $result['article_id'])
					);
				}
            }
			$data['newsblog_categories'][] = array(
				'name'     => $category['name'],
				'children' => $articles,
				'href'     => $this->url->link('newsblog/category', 'newsblog_path=' . $category['category_id'])
			);
		}
		]]></add>
	</operation>
  </file>
  <file path="catalog/view/theme/*/template/information/sitemap.tpl">
    <operation>
      <search><![CDATA[<li><?php echo $text_information; ?>]]></search>
      <add position="before"><![CDATA[
      	<?php foreach ($newsblog_categories as $category) { ?>
            <li><a href="<?php echo $category['href']; ?>"><?php echo $category['name']; ?></a>
              <?php if ($category['children']) { ?>
              <ul>
                <?php foreach ($category['children'] as $article) { ?>
                <li><a href="<?php echo $article['href']; ?>"><?php echo $article['name']; ?></a></li>
                <?php } ?>
              </ul>
              <?php } ?>
            </li>
            <?php } ?>
		]]></add>
	</operation>
  </file>
  <file path="catalog/controller/common/header.php">
    <operation>
      <search><![CDATA[$data['language'] = $this->load->controller('common/language');]]></search>
      <add position="before"><![CDATA[
      	$this->load->model('newsblog/category');
        $this->load->model('newsblog/article');

		$data['newsblog_categories'] = array();

		$categories = $this->model_newsblog_category->getCategories(0);

		foreach ($categories as $category) {
			if ($category['settings']) {
				$settings=unserialize($category['settings']);
				if ($settings['show_in_top']==0) continue;
			}

			$articles = array();

			if ($category['settings'] && $settings['show_in_top_articles']) {
				$filter=array('filter_category_id'=>$category['category_id'],'filter_sub_category'=>true);
				$results = $this->model_newsblog_article->getArticles($filter);

				foreach ($results as $result) {
					$articles[] = array(
						'name'        => $result['name'],
						'href'        => $this->url->link('newsblog/article', 'newsblog_path=' . $category['category_id'] . '&newsblog_article_id=' . $result['article_id'])
					);
				}
            }
			$data['categories'][] = array(
				'name'     => $category['name'],
				'children' => $articles,
				'column'   => 1,
				'href'     => $this->url->link('newsblog/category', 'newsblog_path=' . $category['category_id'])
			);
		}
		]]></add>
	</operation>
  </file>
</modification>